{"linear_coef": [4.70677675477113e-05], "linear_intercept": 0.1749479564789396, "quadratic_coef": [0.0, 0.0001404151859556228, -5.0672102558525735e-08], "quadratic_intercept": 0.14374596496357064}